<?xml version="1.0" encoding="UTF-8"?>

<MedicationStatement xmlns="http://hl7.org/fhir">
  <id value="derivedfrom-mr-enca-6"/>
  <meta>
    <profile value="http://hl7.org/fhir/us/core/StructureDefinition/us-core-medicationstatement"/>
  </meta>
  <text>
    <status value="generated"/><div xmlns="http://www.w3.org/1999/xhtml"><p><b>Generated Narrative with Details</b></p><p><b>id</b>: derivedfrom-mr-enca-6</p><p><b>meta</b>: </p><p><b>context</b>: <a href="Encounter-A.html">Inpatient Encounter A. Generated Summary: id: A; status: finished; <span title="{http://hl7.org/fhir/v3/ActCode IMP}">inpatient encounter</span>; period: Sep 10, 2016 12:00:00 AM --&gt; Sep 12, 2016 12:00:00 AM</a></p><p><b>status</b>: active</p><p><b>medication</b>: Amoxicillin 500 MG <span style="background: LightGoldenRodYellow">(Details : {RxNorm code '308191' = 'amoxicillin 500 MG Oral Capsule', given as 'Amoxicillin 500 MG Oral Capsule'})</span></p><p><b>effective</b>: Sep 12, 2016 12:00:00 AM --&gt; (ongoing)</p><p><b>dateAsserted</b>: Apr 10, 2017 8:57:19 AM</p><p><b>informationSource</b>: <a href="Patient-test2.html">Brian Z. Generated Summary: id: test2; Medical Record Number = 1032702 (USUAL); active; Brian Z ; ph: 555-555-5555(HOME); gender: male; birthDate: Jan 5, 1964</a></p><p><b>subject</b>: <a href="Patient-test2.html">Brian Z. Generated Summary: id: test2; Medical Record Number = 1032702 (USUAL); active; Brian Z ; ph: 555-555-5555(HOME); gender: male; birthDate: Jan 5, 1964</a></p><p><b>derivedFrom</b>: <a href="MedicationRequest-enca-6.html">Generated Summary: id: enca-6; status: active; intent: order; <span title="Codes: {http://www.nlm.nih.gov/research/umls/rxnorm 308191}">Amoxicillin 500 MG</span>; authoredOn: Sep 12, 2016; <span title="Codes: {http://snomed.info/sct 233604007}">Pneumonia (disorder)</span>; </a></p><p><b>taken</b>: n</p><p><b>reasonCode</b>: Pneumonia (disorder) <span style="background: LightGoldenRodYellow">(Details : {SNOMED CT code '233604007' = 'Pneumonia', given as 'Pneumonia (disorder)'})</span></p><p><b>dosage</b>: </p></div>
  </text>
  <context>
    <reference value="Encounter/A"/>
    <display value="Inpatient Encounter A"/>
  </context>
  <status value="active"/>
  <medicationCodeableConcept>
    <coding>
      <system value="http://www.nlm.nih.gov/research/umls/rxnorm"/>
      <code value="308191"/>
      <display value="Amoxicillin 500 MG Oral Capsule"/>
    </coding>
    <text value="Amoxicillin 500 MG"/>
  </medicationCodeableConcept>
  <effectivePeriod>
    <start value="2016-09-12"/>
  </effectivePeriod>
  <dateAsserted value="2017-04-10T08:57:19.412-07:00"/>
  <informationSource>
    <reference value="Patient/test2"/>
    <display value="Brian Z"/>
  </informationSource>
  <subject>
    <reference value="Patient/test2"/>
    <display value="Brian Z"/>
  </subject>
  <derivedFrom>
    <reference value="MedicationRequest/enca-6"/>
  </derivedFrom>
  <taken value="n"/>
  <reasonCode>
    <coding>
      <system value="http://snomed.info/sct"/>
      <code value="233604007"/>
      <display value="Pneumonia (disorder)"/>
    </coding>
  </reasonCode>
  <dosage>
    <sequence value="1"/>
    <text value="Amoxicillin 500mg by mouth every 6 hours for 10 days"/>
    <additionalInstruction>
      <coding>
        <system value="http://snomed.info/sct"/>
        <code value="311504000"/>
        <display value="With or after food"/>
      </coding>
    </additionalInstruction>
    <timing>
      <repeat>
        <frequency value="1"/>
        <period value="6"/>
        <periodUnit value="h"/>
      </repeat>
    </timing>
    <route>
      <coding>
        <system value="http://ncimeta.nci.nih.gov"/>
        <code value="C38288"/>
        <display value="ORALLY"/>
        <userSelected value="false"/>
      </coding>
    </route>
    <doseQuantity>
      <value value="1"/>
      <unit value="Oral Capsule"/>
      <system value="http://hl7.org/fhir/v3/orderableDrugForm"/>
      <code value="ORCAP"/>
    </doseQuantity>
  </dosage>
</MedicationStatement>