<?xml version="1.0" encoding="UTF-8"?>

<MedicationStatement xmlns="http://hl7.org/fhir">
  <id value="derivedfrom-mr-enca-4"/>
  <meta>
    <profile value="http://hl7.org/fhir/us/core/StructureDefinition/us-core-medicationstatement"/>
  </meta>
  <text>
    <status value="generated"/><div xmlns="http://www.w3.org/1999/xhtml"><p><b>Generated Narrative with Details</b></p><p><b>id</b>: derivedfrom-mr-enca-4</p><p><b>meta</b>: </p><p><b>context</b>: <a href="Encounter-A.html">Inpatient Encounter A. Generated Summary: id: A; status: finished; <span title="{http://hl7.org/fhir/v3/ActCode IMP}">inpatient encounter</span>; period: Sep 10, 2016 12:00:00 AM --&gt; Sep 12, 2016 12:00:00 AM</a></p><p><b>status</b>: completed</p><p><b>medication</b>: LRS <span style="background: LightGoldenRodYellow">(Details : {RxNorm code '860601' = '860601', given as 'Calcium Chloride 0.0014 MEQ/ML / Potassium Chloride 0.024 MEQ/ML / Sodium Chloride 0.103 MEQ/ML / Sodium Lactate 0.028 MEQ/ML Injectable Solution'})</span></p><p><b>effective</b>: Sep 10, 2016 12:00:00 AM --&gt; Sep 12, 2016 12:00:00 AM</p><p><b>dateAsserted</b>: Apr 10, 2017 8:56:13 AM</p><p><b>informationSource</b>: Provider B</p><p><b>subject</b>: <a href="Patient-test2.html">Brian Z. Generated Summary: id: test2; Medical Record Number = 1032702 (USUAL); active; Brian Z ; ph: 555-555-5555(HOME); gender: male; birthDate: Jan 5, 1964</a></p><p><b>derivedFrom</b>: <a href="MedicationRequest-enca-4.html">Generated Summary: id: enca-4; status: completed; intent: order; <span title="Codes: {http://www.nlm.nih.gov/research/umls/rxnorm 860601}">LRS</span>; authoredOn: Sep 10, 2016; <span title="Codes: {http://snomed.info/sct 233604007}">Pneumonia (disorder)</span>; </a></p><p><b>taken</b>: y</p><p><b>reasonCode</b>: Pneumonia (disorder) <span style="background: LightGoldenRodYellow">(Details : {SNOMED CT code '233604007' = 'Pneumonia', given as 'Pneumonia (disorder)'})</span></p><p><b>dosage</b>: </p></div>
  </text>
  <context>
    <reference value="Encounter/A"/>
    <display value="Inpatient Encounter A"/>
  </context>
  <status value="completed"/>
  <medicationCodeableConcept>
    <coding>
      <system value="http://www.nlm.nih.gov/research/umls/rxnorm"/>
      <code value="860601"/>
      <display value="Calcium Chloride 0.0014 MEQ/ML / Potassium Chloride 0.024 MEQ/ML / Sodium Chloride 0.103 MEQ/ML / Sodium Lactate 0.028 MEQ/ML Injectable Solution"/>
    </coding>
    <text value="LRS"/>
  </medicationCodeableConcept>
  <effectivePeriod>
    <start value="2016-09-10"/>
    <end value="2016-09-12"/>
  </effectivePeriod>
  <dateAsserted value="2017-04-10T08:56:13.229-07:00"/>
  <informationSource>
    <display value="Provider B"/>
  </informationSource>
  <subject>
    <reference value="Patient/test2"/>
    <display value="Brian Z"/>
  </subject>
  <derivedFrom>
    <reference value="MedicationRequest/enca-4"/>
  </derivedFrom>
  <taken value="y"/>
  <reasonCode>
    <coding>
      <system value="http://snomed.info/sct"/>
      <code value="233604007"/>
      <display value="Pneumonia (disorder)"/>
    </coding>
  </reasonCode>
  <dosage>
    <sequence value="1"/>
    <text value="LRS IV at 250 ml/hr"/>
    <asNeededBoolean value="false"/>
    <route>
      <coding>
        <system value="http://ncimeta.nci.nih.gov"/>
        <code value="C38276"/>
        <display value="INTRAVENOUS"/>
        <userSelected value="false"/>
      </coding>
    </route>
    <method>
      <text value="Constant Rate Infusion"/>
    </method>
  </dosage>
</MedicationStatement>